{
  "city": "Edinburgh",
  "weights": {
    "climate_weight": 0.4,
    "geographic_weight": 0.35,
    "economic_weight": 0.25
  },
  "training_history": [
    {
      "timestamp": "2025-07-08 15:53:47.539098",
      "training_samples": 10288,
      "validation_samples": 2572,
      "performance": {
        "climate": {
          "train_r2": 0.9997584936794615,
          "train_rmse": 0.01372432634843197,
          "val_r2": 0.9997584936794615,
          "val_rmse": 0.01372432634843197
        },
        "geographic": {
          "train_r2": 0.9999218773799138,
          "train_rmse": 0.008818440117810475,
          "val_r2": 0.9999218773799138,
          "val_rmse": 0.008818440117810475
        }
      }
    }
  ],
  "model_performance": {
    "climate": {
      "train_r2": 0.9997584936794615,
      "train_rmse": 0.01372432634843197,
      "val_r2": 0.9997584936794615,
      "val_rmse": 0.01372432634843197
    },
    "geographic": {
      "train_r2": 0.9999218773799138,
      "train_rmse": 0.008818440117810475,
      "val_r2": 0.9999218773799138,
      "val_rmse": 0.008818440117810475
    }
  }
}