{
  "city": "London",
  "weights": {
    "climate_weight": 0.4,
    "geographic_weight": 0.35,
    "economic_weight": 0.25
  },
  "training_history": [
    {
      "timestamp": "2025-07-08 15:49:30.631407",
      "training_samples": 10288,
      "validation_samples": 2572,
      "performance": {
        "climate": {
          "train_r2": 0.9995844518763047,
          "train_rmse": 0.018115834643639344,
          "val_r2": 0.9995844518763047,
          "val_rmse": 0.018115834643639344
        },
        "geographic": {
          "train_r2": 0.999926310013371,
          "train_rmse": 0.008570097054791155,
          "val_r2": 0.999926310013371,
          "val_rmse": 0.008570097054791155
        }
      }
    }
  ],
  "model_performance": {
    "climate": {
      "train_r2": 0.9995844518763047,
      "train_rmse": 0.018115834643639344,
      "val_r2": 0.9995844518763047,
      "val_rmse": 0.018115834643639344
    },
    "geographic": {
      "train_r2": 0.999926310013371,
      "train_rmse": 0.008570097054791155,
      "val_r2": 0.999926310013371,
      "val_rmse": 0.008570097054791155
    }
  }
}