{
  "city": "Manchester",
  "weights": {
    "climate_weight": 0.4,
    "geographic_weight": 0.35,
    "economic_weight": 0.25
  },
  "training_history": [
    {
      "timestamp": "2025-07-08 15:51:36.750824",
      "training_samples": 10288,
      "validation_samples": 2572,
      "performance": {
        "climate": {
          "train_r2": 0.9998135073389919,
          "train_rmse": 0.012189255171072246,
          "val_r2": 0.9998135073389919,
          "val_rmse": 0.012189255171072246
        },
        "geographic": {
          "train_r2": 0.9999038868047256,
          "train_rmse": 0.009828049379821326,
          "val_r2": 0.9999038868047256,
          "val_rmse": 0.009828049379821326
        }
      }
    }
  ],
  "model_performance": {
    "climate": {
      "train_r2": 0.9998135073389919,
      "train_rmse": 0.012189255171072246,
      "val_r2": 0.9998135073389919,
      "val_rmse": 0.012189255171072246
    },
    "geographic": {
      "train_r2": 0.9999038868047256,
      "train_rmse": 0.009828049379821326,
      "val_r2": 0.9999038868047256,
      "val_rmse": 0.009828049379821326
    }
  }
}